name,city,address,phone,website,email,category,overture_id,latitude,longitude,source_release,score,priority,score_reasons,lead_type,recommended_offer
Antikor Number 1,Київ,"Степана Бандери проспект, 16А",+380504710067,,antikornumber1@gmail.com,automotive_repair,a423ad7f-3cbf-43b6-8868-49ab3712bd22,50.4866943359375,30.501298904418945,2026-07-22.0,6,HIGH,+5: немає website | +1: email на загальнодоступному сервісі,NO_WEBSITE,Новий сайт із онлайн-записом
GOOD SERVICE (Крюківщина),Київ,"Вишнева вулиця, 18",+380770042992,,goodserviceavto@gmail.com,automotive_repair,0fefe8a3-becb-4fc2-9957-fc26cff867b9,50.3853759765625,30.397724151611328,2026-07-22.0,6,HIGH,+5: немає website | +1: email на загальнодоступному сервісі,NO_WEBSITE,Новий сайт із онлайн-записом
СТО Remcars,Київ,"Вулица Омеляна Пріцака, 4",+380983576969,,andryzhur@gmail.com,automotive_repair,33b50edd-20e4-49a7-b232-5e3b491f89f9,50.468807220458984,30.371435165405273,2026-07-22.0,6,HIGH,+5: немає website | +1: email на загальнодоступному сервісі,NO_WEBSITE,Новий сайт із онлайн-записом
"Gas Lion Автосервіс, СТО та автомагазин",Київ,"Міська вулиця, 2",+380688003010,https://www.tiktok.com/@gaslionkyiv?_t=ZM-8vxZTp9jwRB,saitgaslion@gmail.com,automotive_repair,227a52a5-e4dc-43b4-b199-6e8a85e64dbc,50.528289794921875,30.36924934387207,2026-07-22.0,5,HIGH,+4: website веде на соцмережу або Google Maps | +1: email на загальнодоступному сервісі,SOCIAL_ONLY,Сайт із SEO та формою запису
vianor_grinchenka,Київ,"Миколи Грінченка вулиця, 18",+380972204422,,,tire_dealer_and_repair,dee1224c-d1e1-4edf-8f98-f65a75b39460,50.41328048706055,30.51863670349121,2026-07-22.0,5,HIGH,+5: немає website,NO_WEBSITE,Новий сайт із онлайн-записом
X-Team,Київ,"Мельника вулиця, 15",+380989952422,https://youtu.be/0vk4ykbgy-0?si=Xoi1eMmHqSrgrEUE,xteam.rt@gmail.com,automotive_repair,891f7bfa-9c21-479c-b4bc-090cf44f97dd,50.57107925415039,30.667985916137695,2026-07-22.0,5,HIGH,+4: website веде на соцмережу або Google Maps | +1: email на загальнодоступному сервісі,SOCIAL_ONLY,Сайт із SEO та формою запису
ГБО КИЇВ,Київ,"Березняківська вулиця, 21А",+380688886655,https://www.google.com/maps?cid=11401770756489500377,kovdania@gmail.com,automotive_repair,a70313e9-b5fd-4ee6-ac5c-47bd57cca402,50.42195510864258,30.607158660888672,2026-07-22.0,5,HIGH,+4: website веде на соцмережу або Google Maps | +1: email на загальнодоступному сервісі,GOOGLE_MAPS_ONLY,Лендінг + онлайн-запис
Hunters Garage,Київ,"Сумська вулиця, 3",+380933308000,https://www.youtube.com/@HuntersGarageService,service@hunters-garage.com.ua,automotive_repair,c382d57d-81ee-4490-b387-56b61adf78dc,50.39508056640625,30.48834228515625,2026-07-22.0,4,MEDIUM,+4: website веде на соцмережу або Google Maps,SOCIAL_ONLY,Сайт із SEO та формою запису
Art Customs Service,Київ,"Незалежності, 7",+380981113466,http://artcustoms.com.ua/,brovary.art.customs@gmail.com,automotive_repair,cce8d993-e736-40df-b55c-3174f30e1e1f,50.514488220214844,30.79561996459961,2026-07-22.0,3,MEDIUM,+2: website використовує http:// | +1: email на загальнодоступному сервісі,HTTP_WEBSITE,Оновлення сайту та HTTPS
Autoservice Maslenka,Київ,"Глибочицька вулиця, 101",+380443380848,http://maslenka.ua/,maslenkakiev@gmail.com,automotive_repair,9ce15acf-712e-47d2-9bde-b7e21417bb18,50.46332931518555,30.50607681274414,2026-07-22.0,3,MEDIUM,+2: website використовує http:// | +1: email на загальнодоступному сервісі,HTTP_WEBSITE,Оновлення сайту та HTTPS
AВА Сервіс,Чернігів,"Ивана Мазепы улица, 57Е",+380631706373,http://www.ctoava.net.ua/,ctoava@ukr.net,automotive_repair,e83bd701-d3cf-4c7b-ad60-542c1c83e5f1,51.47391128540039,31.2586612701416,2026-07-22.0,3,MEDIUM,+2: website використовує http:// | +1: email на загальнодоступному сервісі,HTTP_WEBSITE,Оновлення сайту та HTTPS
BG AUTO,Київ,"Вячеслава Черновола улица, 46",+380930810101,http://ua.bastion.com.ua/,bgauto@gmail.com,automotive_repair,3da47ac0-120a-4bc7-9a1a-ff28f1f0c826,50.387508392333984,30.386489868164062,2026-07-22.0,3,MEDIUM,+2: website використовує http:// | +1: email на загальнодоступному сервісі,HTTP_WEBSITE,Оновлення сайту та HTTPS
CarDon,Київ,"Кирилівська вулиця, 69В",+380973214105,http://www.cardon.com.ua/,cardonshop@gmail.com,automotive_repair,59dfeff8-0513-41ed-bbeb-1c87f2e99ca4,50.47616958618164,30.485918045043945,2026-07-22.0,3,MEDIUM,+2: website використовує http:// | +1: email на загальнодоступному сервісі,HTTP_WEBSITE,Оновлення сайту та HTTPS
ChepaRacing,Київ,"Васильківська вулиця, 2",+380674463102,http://Www.cheparacing.com/,oleksiiholovnia@gmail.com,automotive_repair,dc07b789-52d1-48ac-8aa7-d5278cb3c241,50.35282897949219,30.461166381835938,2026-07-22.0,3,MEDIUM,+2: website використовує http:// | +1: email на загальнодоступному сервісі,HTTP_WEBSITE,Оновлення сайту та HTTPS
CUBE3,Київ,"Глибочицька вулиця, 16",+380934552337,http://www.cube3.com.ua/,cube3.com.ua@gmail.com,automotive_repair,4d0a2f2f-34d4-45b3-bc66-2a949c342277,50.460933685302734,30.48894691467285,2026-07-22.0,3,MEDIUM,+2: website використовує http:// | +1: email на загальнодоступному сервісі,HTTP_WEBSITE,Оновлення сайту та HTTPS
Dark Box,Київ,"Автозаводська вулиця, 24",+380660166777,http://darkbox.com.ua/,oleg.kashelyuk@gmail.com,automotive_repair,341b1d41-5755-4a72-8eb2-96c8b7f317eb,50.502464294433594,30.46392250061035,2026-07-22.0,3,MEDIUM,+2: website використовує http:// | +1: email на загальнодоступному сервісі,HTTP_WEBSITE,Оновлення сайту та HTTPS
Glowith Auto,Київ,вулиця Гліба Бабича 2,+380968745575,http://glowith-auto.ua/,glowithauto@gmail.com,automotive_repair,9fa6bee2-b1f2-4f3e-ad41-54b4be29ccc7,50.44020080566406,30.660799026489258,2026-07-22.0,3,MEDIUM,+2: website використовує http:// | +1: email на загальнодоступному сервісі,HTTP_WEBSITE,Оновлення сайту та HTTPS
ItalService,Київ,"Куренівська вулиця, 29",+380442234325,http://italservice.kiev.ua/,italservisekiev@gmail.com,automotive_repair,642944fc-cb39-4dac-9a6e-d42f496f0ab7,50.49888610839844,30.47863006591797,2026-07-22.0,3,MEDIUM,+2: website використовує http:// | +1: email на загальнодоступному сервісі,HTTP_WEBSITE,Оновлення сайту та HTTPS
"LAB13 детейлинг центр: оклейка пленками, тюнинг, химчистка, автомойка",Київ,"Столичное шоссе, 101в",+380730000130,http://Lab13.com.ua/,lab13detailing@gmail.com,automotive_services_and_repair,687a1088-1d29-41f2-aafe-41be3d3153e9,50.34493637084961,30.552032470703125,2026-07-22.0,3,MEDIUM,+2: website використовує http:// | +1: email на загальнодоступному сервісі,HTTP_WEBSITE,Оновлення сайту та HTTPS
Master-Key,Київ,"Федора Ернста вулиця, 14",+380935526758,http://master-key.com.ua/,vutik@ukr.net,automotive_repair,019b63fb-f4f0-4f7d-9b5a-a5cf9edb8d57,50.41703414916992,30.464359283447266,2026-07-22.0,3,MEDIUM,+2: website використовує http:// | +1: email на загальнодоступному сервісі,HTTP_WEBSITE,Оновлення сайту та HTTPS
Old School Garage,Київ,"Залізничне шосе, 4",+380971370999,http://Osgmoto.com.ua/,alexkotelevich@gmail.com,automotive_repair,2dfd0281-8ac8-43b9-b0bb-fc76c9feb1de,50.4066276550293,30.530393600463867,2026-07-22.0,3,MEDIUM,+2: website використовує http:// | +1: email на загальнодоступному сервісі,HTTP_WEBSITE,Оновлення сайту та HTTPS
ProSecurity,Київ,"Столичне шосе, 91А",+380732370003,http://prosecurity.com.ua/,pro.s.ukraine@gmail.com,automotive_services_and_repair,9b8f08b8-c754-42ed-a8dd-93fedfd5db93,50.34498977661133,30.551799774169922,2026-07-22.0,3,MEDIUM,+2: website використовує http:// | +1: email на загальнодоступному сервісі,HTTP_WEBSITE,Оновлення сайту та HTTPS
Radauto,Київ,"Демьяна Коротченко улица, 17",+380982304040,http://radauto.com.ua/,radauto82@gmail.com,automotive_repair,1194c60c-e9e4-42ab-ba4a-53aa2b645a98,50.43315887451172,30.33843231201172,2026-07-22.0,3,MEDIUM,+2: website використовує http:// | +1: email на загальнодоступному сервісі,HTTP_WEBSITE,Оновлення сайту та HTTPS
АвтоМанія,Київ,"Генерала Ватутіна провулок, 52",+380635185262,http://avtomania.com.ua/,avto-mania.com.ua@ukr.net,automotive_repair,6db5447e-8e42-4776-a30b-de6b04c67fcc,50.39583969116211,30.42626953125,2026-07-22.0,3,MEDIUM,+2: website використовує http:// | +1: email на загальнодоступному сервісі,HTTP_WEBSITE,Оновлення сайту та HTTPS
Автомастерская AK Service,Київ,"Будіндустрії вулиця, 7",+380672901090,http://akservice.com.ua/,kiev.akservice@gmail.com,automotive_repair,6aac1227-2c4e-429f-8a21-bf63f76e9365,50.401329040527344,30.578786849975586,2026-07-22.0,3,MEDIUM,+2: website використовує http:// | +1: email на загальнодоступному сервісі,HTTP_WEBSITE,Оновлення сайту та HTTPS
Автосервис ДИАС,Київ,"Кіровоградська вулиця, 76",+380504695759,http://dias-auto.com.ua/,dias.auto@ukr.net,automotive_repair,dc3b74c2-f053-40ef-808a-ea69203c88a3,50.4108772277832,30.498722076416016,2026-07-22.0,3,MEDIUM,+2: website використовує http:// | +1: email на загальнодоступному сервісі,HTTP_WEBSITE,Оновлення сайту та HTTPS
Автосервіс «АвтоСтимул»,Київ,"Белогородская улица, 162",+380678841331,http://autostimul.com.ua/,stoautostimul@gmail.com,automotive_repair,bffbea70-4570-42aa-abab-8d0ab93b4333,50.34376907348633,30.280696868896484,2026-07-22.0,3,MEDIUM,+2: website використовує http:// | +1: email на загальнодоступному сервісі,HTTP_WEBSITE,Оновлення сайту та HTTPS
Автосервіс Кулібін-АВТО,Київ,"Валентини Чайки вулиця, 2",+380507655555,http://kulibin-auto.com.ua/,kulibin.auto.group@gmail.com,automotive_repair,17702f22-c3f9-4c51-a5d2-cec676bb8167,50.4344367980957,30.308916091918945,2026-07-22.0,3,MEDIUM,+2: website використовує http:// | +1: email на загальнодоступному сервісі,HTTP_WEBSITE,Оновлення сайту та HTTPS
Автотехнік,Київ,"Івана Лепсе бульвар, 4",+380674028454,http://autotechnik.com.ua/,4303771@ukr.net,automotive_repair,1195593b-f49d-4fa6-bc86-ede03b454096,50.448387145996094,30.42725372314453,2026-07-22.0,3,MEDIUM,+2: website використовує http:// | +1: email на загальнодоступному сервісі,HTTP_WEBSITE,Оновлення сайту та HTTPS
Мир Гармин,Київ,"Костянтина Ушинського вулиця, 3",+380679888887,http://mirgarmin.com.ua/,mirgarmin@gmail.com,automotive_repair,97941104-a593-4155-bd56-c424be0a8323,50.43586349487305,30.450756072998047,2026-07-22.0,3,MEDIUM,+2: website використовує http:// | +1: email на загальнодоступному сервісі,HTTP_WEBSITE,Оновлення сайту та HTTPS
Премиум сервис,Київ,"Степана Бандеры проспект, 21",+380800300092,http://premium-service.kiev.ua/,premiumserviceua@gmail.com,automotive_repair,fec82bb5-cce9-41c9-b0b7-0449d48e25e7,50.4895133972168,30.49330711364746,2026-07-22.0,3,MEDIUM,+2: website використовує http:// | +1: email на загальнодоступному сервісі,HTTP_WEBSITE,Оновлення сайту та HTTPS
"СТО ""Мотор""  NissaN - Infiniti",Київ,"Бережанська вулиця, 12Б",+380971644950,http://motor-auto.com.ua/,yura.lepihov@i.ua,automotive_repair,89bdf2ef-f5d2-4175-9df4-3d282ab0f208,50.512149810791016,30.461139678955078,2026-07-22.0,3,MEDIUM,+2: website використовує http:// | +1: email на загальнодоступному сервісі,HTTP_WEBSITE,Оновлення сайту та HTTPS
СТО Youcar Шиномонтаж Автосервіс,Київ,"Хотівська вулиця, 3",+380638176555,http://youcar.kiev.ua/,stoyoucar@gmail.com,automotive_repair,dd0cf057-a14d-4714-b84c-46dc49337e7e,50.39903259277344,30.500852584838867,2026-07-22.0,3,MEDIUM,+2: website використовує http:// | +1: email на загальнодоступному сервісі,HTTP_WEBSITE,Оновлення сайту та HTTPS
Сто Пантеон,Київ,"Новокостянтинівська вулиця, 2А",+380975877616,http://autoproservice.com.ua/,drive_parts@ukr.net,automotive_repair,9e02a7fb-2c14-4033-9252-691af6322767,50.47883224487305,30.493240356445312,2026-07-22.0,3,MEDIUM,+2: website використовує http:// | +1: email на загальнодоступному сервісі,HTTP_WEBSITE,Оновлення сайту та HTTPS
Тюнінг-ательє South.Art,Київ,"Ізюмська вулиця, 5А",+380959023202,http://southart.com.ua/,southart.info@gmail.com,automotive_services_and_repair,f5bbc55c-438c-45da-a2a0-58a159d51629,50.41264343261719,30.515867233276367,2026-07-22.0,3,MEDIUM,+2: website використовує http:// | +1: email на загальнодоступному сервісі,HTTP_WEBSITE,Оновлення сайту та HTTPS
Укргума,Київ,"Кринична вулиця, 27",+380687777754,http://ukrguma.com.ua/,ukrguma.k@gmail.com,tire_dealer_and_repair,b3864079-08f8-45f9-b288-630f2d0943d8,50.399383544921875,30.476459503173828,2026-07-22.0,3,MEDIUM,+2: website використовує http:// | +1: email на загальнодоступному сервісі,HTTP_WEBSITE,Оновлення сайту та HTTPS
Шиномонтаж All Tire,Київ,"Сумська вулиця, 2",+380977587785,http://alltire.com.ua/,alltireua@gmail.com,tire_dealer_and_repair,2cb5daae-3ef2-460f-90cd-be9b7e47eb1f,50.39808654785156,30.489404678344727,2026-07-22.0,3,MEDIUM,+2: website використовує http:// | +1: email на загальнодоступному сервісі,HTTP_WEBSITE,Оновлення сайту та HTTPS
4x4 Off-Road Center,Київ,"Олекси Тихого вулиця, 68б",+380443647455,http://www.auto.com.ua/,info@off-road.com.ua,automotive_repair,3a846212-911f-44ea-aa0a-f9403d17d509,50.450469970703125,30.438920974731445,2026-07-22.0,2,MEDIUM,+2: website використовує http://,HTTP_WEBSITE,Оновлення сайту та HTTPS
Bosh Avto Servis Dias Ukraine,Київ,"Академіка Заболотного вулиця, 5",+380503665775,http://dias-service.com.ua/,sto@dias-service.com.ua,automotive_repair,6cad680e-a2ba-42a5-9158-8d2f245c8613,50.36644744873047,30.46506690979004,2026-07-22.0,2,MEDIUM,+2: website використовує http://,HTTP_WEBSITE,Оновлення сайту та HTTPS
BSS Motorsport,Київ,"Степана Бандери проспект, 5",+380980091100,http://bssmotorsport.com/,info@bssmotorsport.com,automotive_services_and_repair,691c9ba8-0f3a-4721-bb3b-90f12b85a05f,50.48955154418945,30.47041130065918,2026-07-22.0,2,MEDIUM,+2: website використовує http://,HTTP_WEBSITE,Оновлення сайту та HTTPS
Coyote-Service,Київ,"Пирогівський Шлях вулиця, 96",+380444658050,http://coyote-service.com.ua/,,automotive_repair,3e6b8d38-20c0-4014-ae69-a8eb7365a582,50.35228729248047,30.53756332397461,2026-07-22.0,2,MEDIUM,+2: website використовує http://,HTTP_WEBSITE,Оновлення сайту та HTTPS
Deutsche Garage,Київ,"Романа Шухевича проспект, 4",+380632946363,http://d-garage.com.ua/,info@d-garage.com.ua,automotive_repair,bab91f51-10fd-4480-89cf-a21409fc6d89,50.49586868286133,30.573720932006836,2026-07-22.0,2,MEDIUM,+2: website використовує http://,HTTP_WEBSITE,Оновлення сайту та HTTPS
forcars pro,Київ,"Ігоря Брановицького вулиця, 4",+380677722222,http://forcars.pro/,info@forcars.pro,automotive_services_and_repair,d7e1b8f4-526d-4da8-af76-e65ae9c2197a,50.420982360839844,30.534353256225586,2026-07-22.0,2,MEDIUM,+2: website використовує http://,HTTP_WEBSITE,Оновлення сайту та HTTPS
Manic Mechanics,Київ,"Лебединська вулиця, 10",+380983000199,http://mm.kiev.ua/,sto@mm.kiev.ua,automotive_repair,24f20d71-d615-4fb2-ad0c-8c10632b4957,50.52737808227539,30.47888946533203,2026-07-22.0,2,MEDIUM,+2: website використовує http://,HTTP_WEBSITE,Оновлення сайту та HTTPS
Patriot Service,Київ,"Оранжерейна вулиця, 1",+380632054888,http://www.patriot-service.com/,info@patriot-service.com,automotive_repair,7c304232-001c-4e00-9a5a-246cfb4f23ac,50.4651985168457,30.44923210144043,2026-07-22.0,2,MEDIUM,+2: website використовує http://,HTTP_WEBSITE,Оновлення сайту та HTTPS
Авторесурс Киев,Київ,"Озёрная улица, 1",+380443337941,http://www.autoresurce.kiev.ua/,inbox@auto-service.com.ua,automotive_repair,376bf097-0cbf-43a1-90ee-736f7ccdd971,50.52626419067383,30.486236572265625,2026-07-22.0,2,MEDIUM,+2: website використовує http://,HTTP_WEBSITE,Оновлення сайту та HTTPS
Автоцентр Богдан-Авто Чернигов,Чернігів,"Мира проспект, 241",+380732687853,http://hyundai-cn.com.ua/,,automotive_repair,68d32898-e586-490b-873c-b8e1ab36d81b,51.53345489501953,31.267852783203125,2026-07-22.0,2,MEDIUM,+2: website використовує http://,HTTP_WEBSITE,Оновлення сайту та HTTPS
Автоцентр Осокорки,Київ,"Центральна вулиця, 91",+380675556555,http://www.avtocenter-osokorki.com.ua/,,automotive_repair,8d81021c-b700-4138-b4ee-b54061cdd2ab,50.364192962646484,30.606510162353516,2026-07-22.0,2,MEDIUM,+2: website використовує http://,HTTP_WEBSITE,Оновлення сайту та HTTPS
Альо шинА,Київ,"Василя Кіквідзе вулиця, 45",+380442375333,http://www.aleshina.com.ua/,,tire_dealer_and_repair,3cb9cca5-d585-4140-bb8d-f71df1ac615b,50.40058898925781,30.55477523803711,2026-07-22.0,2,MEDIUM,+2: website використовує http://,HTTP_WEBSITE,Оновлення сайту та HTTPS
АТЛ - автосервис,Київ,"Льва Симиренка вулиця, 36",+380674340538,http://www.atl.ua,,automotive_repair,c7de9cec-7aff-4b19-af9d-d3b701673feb,50.40677261352539,30.405359268188477,2026-07-22.0,2,MEDIUM,+2: website використовує http://,HTTP_WEBSITE,Оновлення сайту та HTTPS
Газ,Київ,"Апрельский переулок, 1",+380800218048,http://www.motor-gas.ua/,info@motor-gas.ua,automotive_repair,9093cc03-eece-4d71-ba5a-745cad4ce71b,50.49739456176758,30.42913818359375,2026-07-22.0,2,MEDIUM,+2: website використовує http://,HTTP_WEBSITE,Оновлення сайту та HTTPS
Данон Україна,Київ,"Степана Бандери проспект, 28А",+380445948000,http://www.danone.ua/,reception.ukraine@danone.com,tire_dealer_and_repair,c104c52b-5866-4bcc-a3c5-0a1f11cdd377,50.48516845703125,30.53144645690918,2026-07-22.0,2,MEDIUM,+2: website використовує http://,HTTP_WEBSITE,Оновлення сайту та HTTPS
"Компания ""Фанавто""",Київ,"проспект Повітряних Сил , 86А",+380676939377,http://auto.fanauto.com.ua/index.html,info@fanauto.com.ua,automotive_repair,ee3eceb8-5351-4383-972b-c51fbd2215a6,50.413978576660156,30.438350677490234,2026-07-22.0,2,MEDIUM,+2: website використовує http://,HTTP_WEBSITE,Оновлення сайту та HTTPS
Мактранс,Київ,"Залізничне шосе, 4",+380675272236,http://akpp.com.ua/,maktrans@akpp.ua,automotive_repair,9e6a225e-767b-41e7-a380-994e9aaed185,50.406776428222656,30.53038215637207,2026-07-22.0,2,MEDIUM,+2: website використовує http://,HTTP_WEBSITE,Оновлення сайту та HTTPS
Ралли Сервис Центр,Київ,"Магнітогорська вулиця, 1",+380672424833,http://www.sto-rsc.com.ua/,info@sto-rsc.com.ua,automotive_repair,c9db96c6-b0d1-41ab-a4b9-da4eb70fc2a2,50.45388412475586,30.639516830444336,2026-07-22.0,2,MEDIUM,+2: website використовує http://,HTTP_WEBSITE,Оновлення сайту та HTTPS
"СТО ""Омега""",Київ,"Медова вулиця, 5А",+380445932710,http://www.omega-avto.net/,,automotive_repair,ca0f09bf-f9b8-4b30-ac52-e10c3bc7b284,50.40913391113281,30.451976776123047,2026-07-22.0,2,MEDIUM,+2: website використовує http://,HTTP_WEBSITE,Оновлення сайту та HTTPS
СТО АвтоЦех,Київ,"Будіндустрії вулиця, 5",+380443334040,http://www.auto-tseh.com.ua/,t.ivanov@auto-tseh.com.ua,automotive_repair,e848f48a-744b-4e11-9b0e-6a18de38eef1,50.406402587890625,30.56937026977539,2026-07-22.0,2,MEDIUM,+2: website використовує http://,HTTP_WEBSITE,Оновлення сайту та HTTPS
СТО Спартанців,Київ,"В'ячеслава Чорновола вулиця, 41",+380961877877,http://spartans.com.ua/,,automotive_repair,883c8e72-7cc9-4dbc-9e6c-6814ff488557,50.45003128051758,30.483421325683594,2026-07-22.0,2,MEDIUM,+2: website використовує http://,HTTP_WEBSITE,Оновлення сайту та HTTPS
707 Шиномонтаж,Київ,"Каунаська вулиця, 13",+380969451515,https://707service.com/,pavlo.lisnyi@gmail.com,automotive_services_and_repair,93bddddb-8595-41f4-8408-7fae30edd093,50.43075942993164,30.628164291381836,2026-07-22.0,1,LOW,+1: email на загальнодоступному сервісі,MODERN_WEBSITE,Автоматизація запису або AI
Car Service,Київ,"Kyivska St, 44, c",+380680008365,https://www.car-service.in.ua/,autocentr-k@ukr.net,automotive_repair,2f425234-1934-4767-a888-dcef5ccbd8e7,50.37119674682617,30.322978973388672,2026-07-22.0,1,LOW,+1: email на загальнодоступному сервісі,MODERN_WEBSITE,Автоматизація запису або AI
Grande Auto Service,Київ,"Науки проспект, 159",+380732506050,https://grande-auto-service.kyiv.ua/,g.a.s.grandautoservice@gmail.com,automotive_repair,1f2ab87e-438b-4c5b-86c8-2efea1d7cb7f,50.37230682373047,30.546531677246094,2026-07-22.0,1,LOW,+1: email на загальнодоступному сервісі,MODERN_WEBSITE,Автоматизація запису або AI
SMART UA - Сервіс та Запчастини для Smart,Київ,"Узинська вулиця, 1",+380503849319,https://smart-ua.com.ua/,smart.ua.customers@gmail.com,automotive_repair,aabc2227-feab-4cd1-ad7d-4fd62eff13ea,50.438819885253906,30.393739700317383,2026-07-22.0,1,LOW,+1: email на загальнодоступному сервісі,MODERN_WEBSITE,Автоматизація запису або AI
STO SPcenter Avtoservis Povnoho Tsyklu,Київ,"Академіка Білецького вулиця, 34",+380963647726,https://spcenter.com.ua/,yevheniy_gnb@ukr.net,automotive_repair,04927ff6-9a1e-4955-899f-adc7b57b2c99,50.429237365722656,30.409509658813477,2026-07-22.0,1,LOW,+1: email на загальнодоступному сервісі,MODERN_WEBSITE,Автоматизація запису або AI
Street Motors Garage,Київ,"Академика Глушкова проспект, 9А",+380662092997,https://street-motors-garage.cb24.eu/,stmotorsgarage@gmail.com,automotive_services_and_repair,37cb6952-40e2-4eaa-bedc-0cdb18bc7a35,50.37194061279297,30.46811294555664,2026-07-22.0,1,LOW,+1: email на загальнодоступному сервісі,MODERN_WEBSITE,Автоматизація запису або AI
V8 GM Garage,Київ,"Пирогівський Шлях вулиця, 28А",+380674632424,https://gm-v8.com/,eighthcilinders@gmail.com,automotive_repair,fcc3aac6-b9f5-4d4b-a5f2-cbea7e28e72d,50.3845329284668,30.548830032348633,2026-07-22.0,1,LOW,+1: email на загальнодоступному сервісі,MODERN_WEBSITE,Автоматизація запису або AI
Автозапчастини Solavto,Київ,"Полярна вулиця, 2",+380677704110,https://solavto.com/,solavto1999@gmail.com,automotive_repair,d2faefc9-f310-41ee-a4a9-ad86c37c6c4f,50.518550872802734,30.469024658203125,2026-07-22.0,1,LOW,+1: email на загальнодоступному сервісі,MODERN_WEBSITE,Автоматизація запису або AI
Автосервіс “Motor” - СТО Чернігів,Чернігів,"Мира проспект, 193А",+380938400084,https://stomotor.com.ua/uk/,0938400084sto@gmail.com,automotive_repair,5ba7862b-e60d-426e-a726-1a3d9e36e1de,51.52055740356445,31.27301025390625,2026-07-22.0,1,LOW,+1: email на загальнодоступному сервісі,MODERN_WEBSITE,Автоматизація запису або AI
Автоскло Алмаз,Київ,"Пухівська вулиця, 2",+380672466410,https://autosklo.in.ua/,autoshibka@gmail.com,auto_glass_service,e77de2ba-bf6c-42dc-b9a1-b6143d466539,50.50770950317383,30.630329132080078,2026-07-22.0,1,LOW,+1: email на загальнодоступному сервісі,MODERN_WEBSITE,Автоматизація запису або AI
Мастер-Шина,Київ,"Набережно-Корчуватська вулиця, 54",+380677213610,https://master-shina.com.ua/,mastershina@ukr.net,tire_dealer_and_repair,5af85001-5fb8-49bf-a9c1-bc3cc102c93c,50.372100830078125,30.551063537597656,2026-07-22.0,1,LOW,+1: email на загальнодоступному сервісі,MODERN_WEBSITE,Автоматизація запису або AI
СТО Iron Master,Київ,"Науки проспект, 51",+380935196969,https://iron-master.com.ua/,ironmaster.ua@gmail.com,automotive_repair,0d086484-c549-4b21-b751-1ffe18b0745d,50.381465911865234,30.535926818847656,2026-07-22.0,1,LOW,+1: email на загальнодоступному сервісі,MODERN_WEBSITE,Автоматизація запису або AI
СТО Автосервис +,Київ,"Пухівська вулиця, 2",+380995314499,https://carservise.com.ua/,vladimirmelnik290874@gmail.com,automotive_repair,f6fc7ebc-c6ab-4283-bed4-7c92c941debb,50.50770950317383,30.630329132080078,2026-07-22.0,1,LOW,+1: email на загальнодоступному сервісі,MODERN_WEBSITE,Автоматизація запису або AI
СТО Катрин / Автосервис Киев,Київ,"Червоноткацька вулиця, 42Е",+380632333236,https://katrin-auto.kiev.ua/,ctokatrrin@gmail.com,automotive_repair,c0df7701-cb8f-4597-a5c0-dc06a2c5fa97,50.45633316040039,30.63751983642578,2026-07-22.0,1,LOW,+1: email на загальнодоступному сервісі,MODERN_WEBSITE,Автоматизація запису або AI
Тахосервіс,Київ,"Малинская, 1",+380503884880,https://tahoservice.ua/,tahokiev@gmail.com,automotive_repair,0e110a3b-f20e-4fab-94af-816d0a9d8813,50.47808837890625,30.369285583496094,2026-07-22.0,1,LOW,+1: email на загальнодоступному сервісі,MODERN_WEBSITE,Автоматизація запису або AI
Хаммер-центр,Київ,"Набережно-Лугова вулиця, 12",+380964974226,https://www.hammer-center.com.ua/,hammercentr@gmail.com,automotive_repair,8303778b-4b1c-4c35-beb2-acd145ca5a42,50.47676086425781,30.50489616394043,2026-07-22.0,1,LOW,+1: email на загальнодоступному сервісі,MODERN_WEBSITE,Автоматизація запису або AI
"Шинний центр TYRE PLUS компанії ""Інтерциклон""",Київ,"Здолбунівська вулиця, 7А",+380442280080,https://tyres-intc.com.ua/,interciklone@gmail.com,tire_dealer_and_repair,c203a81e-b2fa-480a-993c-a6c47af8e67d,50.414649963378906,30.617626190185547,2026-07-22.0,1,LOW,+1: email на загальнодоступному сервісі,MODERN_WEBSITE,Автоматизація запису або AI
ADS Autodom Service,Київ,"Електриків вулиця, 10",+380956617272,https://autodom.kiev.ua/,info@autodom.kiev.ua,automotive_repair,90f60164-f847-4413-bf61-412306a4773e,50.48236083984375,30.499568939208984,2026-07-22.0,0,LOW,Немає факторів,MODERN_WEBSITE,Автоматизація запису або AI
AMScars,Київ,"Радосинская улица, 56",+380970020404,https://auto-mechanic.in.ua/,,automotive_repair,e810a83b-e864-4acd-bf39-c157d07e8add,50.520606994628906,30.585857391357422,2026-07-22.0,0,LOW,Немає факторів,MODERN_WEBSITE,Автоматизація запису або AI
Avtoservis Oiler Luk'yanovka,Київ,"Нагірна вулиця, 47",+380443387512,,,automotive_repair,d7337abc-c1a4-4a27-94a5-fab99ca75bb7,50.47182846069336,30.485837936401367,2026-07-22.0,0,LOW,+5: немає website | -5: ознака великого бізнесу (Oiler),NO_WEBSITE,Новий сайт із онлайн-записом
CTO Sofi Automotive,Київ,"Червоний Орач вулиця, 36а",+380738889498,https://sofiautomotive.com.ua/,office@sofiautomotive.com.ua,automotive_repair,e4875da7-abef-4f69-bfd0-23aee7087117,50.37897491455078,30.318370819091797,2026-07-22.0,0,LOW,Немає факторів,MODERN_WEBSITE,Автоматизація запису або AI
JCAR Автосервіс,Київ,вул. Кирила Розумовського 71,+380960181997,https://jcar.com.ua/,,auto_glass_service,3e8d63ab-3462-4935-81db-81334364592a,50.466712951660156,30.381126403808594,2026-07-22.0,0,LOW,Немає факторів,MODERN_WEBSITE,Автоматизація запису або AI
MeliorAVTO,Київ,"Миколи Закревського вулиця, 53",+380970950513,https://www.melioravto.com.ua/,info@melioravto.com.ua,tire_dealer_and_repair,08a9a516-dc51-4a0c-abc4-e7ea66fa9eff,50.51306915283203,30.625646591186523,2026-07-22.0,0,LOW,Немає факторів,MODERN_WEBSITE,Автоматизація запису або AI
Towncars Автосервіс,Київ,"Охтирська вулиця, 8",+380963466300,https://www.towncars.com.ua/,service@towncars.com.ua,automotive_repair,0cef8fda-ce41-45ad-8e14-54e0e36773fb,50.39765930175781,30.478246688842773,2026-07-22.0,0,LOW,Немає факторів,MODERN_WEBSITE,Автоматизація запису або AI
Ukrainian Transmission Centre,Київ,"Новокостянтинівська вулиця, 4б",+380675052468,https://utcakpp.com.ua/,,automotive_repair,9d5e3d44-0902-4467-8243-6f2c7b6562ca,50.480621337890625,30.49210548400879,2026-07-22.0,0,LOW,Немає факторів,MODERN_WEBSITE,Автоматизація запису або AI
Автосервис Прайм Моторс Украина,Київ,"Острівна вулиця, 12",+380987632343,https://www.vagmotors.com.ua/,admin@primemotors.com.ua,automotive_repair,fd89c34a-8d39-4d96-9935-78a2e699f538,50.359920501708984,30.553585052490234,2026-07-22.0,0,LOW,Немає факторів,MODERN_WEBSITE,Автоматизація запису або AI
Автосервіс Рись Троєщина,Київ,"Милославська вулиця, 1",+380770152284,https://sto-car.com.ua/,info@sto-car.com.ua,automotive_repair,f0a944dc-9992-4078-9061-88fecb3d09bd,50.51803207397461,30.60640525817871,2026-07-22.0,0,LOW,Немає факторів,MODERN_WEBSITE,Автоматизація запису або AI
Дар-Авто,Київ,"Павла Усенка вулиця, 8",+380445918585,https://darauto.kiev.ua/,,automotive_repair,1a99babd-7821-47d6-858a-f617b8c76897,50.44501495361328,30.63555335998535,2026-07-22.0,0,LOW,Немає факторів,MODERN_WEBSITE,Автоматизація запису або AI
РобимГуд,Київ,"Білоруська вулиця, 10/18",+380443839747,www.robimgood.com.ua,asc@robimgood.com.ua,automotive_repair,8f18863b-aa92-4ff5-bde8-c724ac3d13c0,50.46245574951172,30.480226516723633,2026-07-22.0,0,LOW,Немає факторів,UNKNOWN,Потрібна ручна перевірка
Сити Франс Сервис,Київ,"Азербайджанська вулиця, 25",+380677707960,https://cityfranceservice.com.ua/,info@cityfranceservice.com.ua,automotive_repair,fea3b14b-ee6b-4c73-8eef-e6547a35755c,50.44228744506836,30.648466110229492,2026-07-22.0,0,LOW,Немає факторів,MODERN_WEBSITE,Автоматизація запису або AI
СТО Padre,Київ,"Тепловозна вулиця, 20",+380970230300,https://www.avtopadre.com.ua/,info@avtopadre.com.ua,automotive_repair,fe410f80-e289-4a2f-8016-481404df9d35,50.42078399658203,30.620197296142578,2026-07-22.0,0,LOW,Немає факторів,MODERN_WEBSITE,Автоматизація запису або AI
СТО Автосервіс Куратор,Київ,"Автопаркова вулиця, 7А",+380506007711,https://kurator.in.ua/,info@kurator.in.ua,automotive_repair,de98c175-f306-4645-83bb-d176365aa924,50.3965950012207,30.684965133666992,2026-07-22.0,0,LOW,Немає факторів,MODERN_WEBSITE,Автоматизація запису або AI
СТО Шиномонтаж Авто-Регіон,Київ,"Brovarska St, 2А",+380632333603,https://autoregion.com.ua/,marketing@autoregion.com.ua,automotive_repair,9c15ff3d-a9fb-4af3-ad3b-d3e5fcf3e8d6,50.390201568603516,30.797136306762695,2026-07-22.0,0,LOW,Немає факторів,MODERN_WEBSITE,Автоматизація запису або AI
Сток Шина,Київ,"Новомостицька вулиця, 25А",+380960434444,https://alfashina.ua/,sales@alfashina.ua,tire_dealer_and_repair,d6e7cbf6-2321-4ce8-930c-afc321deb712,50.49897003173828,30.433948516845703,2026-07-22.0,0,LOW,Немає факторів,MODERN_WEBSITE,Автоматизація запису або AI
"Тойота Центр Київ ""ВіДі Автострада""",Київ,"с. Софіївська Борщагівка вул. Велика Кільцева, 56",,https://toyota-ua.com/,sales.avtostrada@vidi.ua,automotive_repair,32515249-ca7b-4c52-8386-46c20e229de0,50.4134407043457,30.380760192871094,2026-07-22.0,0,LOW,Немає факторів,MODERN_WEBSITE,Автоматизація запису або AI
Центр шумоізоляції Car-Silence,Київ,"Мрії Марії, Лаврська вулиця, 19",+380631415301,https://car-silence.com.ua/,support@car-silence.com.ua,automotive_services_and_repair,41b238c3-698e-4d77-8158-528c93e48d2b,50.4873046875,30.392261505126953,2026-07-22.0,0,LOW,Немає факторів,MODERN_WEBSITE,Автоматизація запису або AI
Шинний центр Goodyear,Київ,"Садова вулиця, 70",+380952295225,https://t.me/goroshinashina,goroshinashina@gmail.com,tire_dealer_and_repair,6af5291c-9521-4ec5-a8b6-ce8517cef4d7,50.39250564575195,30.42919158935547,2026-07-22.0,0,LOW,+4: website веде на соцмережу або Google Maps | +1: email на загальнодоступному сервісі | -5: ознака великого бізнесу (Goodyear),SOCIAL_ONLY,Сайт із SEO та формою запису
Шинний Центр Radius,Київ,"Антоновича улица, 160",+380674098917,https://radius.ua/,info@radius.ua,automotive_repair,8117901b-eabc-472b-baf5-c457e100e99f,50.416744232177734,30.51926612854004,2026-07-22.0,0,LOW,Немає факторів,MODERN_WEBSITE,Автоматизація запису або AI
Автосервіс Bosch Service “Бровакар”,Київ,"Металургів вулиця, 23",+380671830533,https://send.monobank.ua/jar/6Kri33vQq6,brovacar@ukr.net,automotive_repair,1d688deb-149c-47db-8345-479cc5df1d0f,50.52450942993164,30.80307960510254,2026-07-22.0,-4,LOW,+1: email на загальнодоступному сервісі | -5: ознака великого бізнесу (Bosch),MODERN_WEBSITE,Автоматизація запису або AI
Mazda Автоінтернешнл Метрополіс,Київ,"Ivana Dziuby St, 3/5",+380675369191,https://autometropolis.com.ua/,sto@autometropolis.com.ua,automotive_repair,df351b47-55a1-435c-8751-de909a01e840,50.4272346496582,30.3988037109375,2026-07-22.0,-5,LOW,-5: ознака великого бізнесу (Mazda),MODERN_WEBSITE,Автоматизація запису або AI
VIDI,Київ,"Кільцева дорога, 56",+380800308999,https://vidi.ua/,,automotive_repair,f1ef2781-15ea-4872-93a3-f5f4af8392da,50.41221618652344,30.38302993774414,2026-07-22.0,-5,LOW,-5: ознака великого бізнесу (VIDI),MODERN_WEBSITE,Автоматизація запису або AI
Автосервіс Oiler,Київ,"Валерія Лобановського проспект, 119Х",+380443387513,https://oiler.ua/,,automotive_repair,cc4cc433-d237-47c9-a464-1ad63e80f562,50.408782958984375,30.513803482055664,2026-07-22.0,-5,LOW,-5: ознака великого бізнесу (Oiler),MODERN_WEBSITE,Автоматизація запису або AI
